{
    "states": [
        [
            0,
            20,
            40,
            60,
            80
        ],
        [
            0,
            20,
            40,
            60,
            80
        ]
    ],
    "controls": [
        "2g",
        "3g"
    ],
    "gamma": 0.6,
    "transition_probabilities": {
        "2g": 0.05,
        "3g": 0.05
    },
    "observations": {
        "0": {
            "0": {
                "3g": {
                    "mean": [
                        3.8
                    ],
                    "1.00775186157644": [
                        4.12
                    ]
                },
                "2g": {
                    "mean": [
                        1.8
                    ],
                    "1.00775186157644": [
                        2.12
                    ]
                }
            }
        },
        "20": {
            "20": {
                "3g": {
                    "mean": [
                        6.36
                    ],
                    "1.00775186157644": [
                        6.99
                    ]
                },
                "2g": {
                    "mean": [
                        4.36
                    ],
                    "1.00775186157644": [
                        4.99
                    ]
                }
            }
        },
        "40": {
            "40": {
                "3g": {
                    "mean": [
                        7.41
                    ],
                    "1.00775186157644": [
                        7.41
                    ]
                },
                "2g": {
                    "mean": [
                        5.41
                    ],
                    "1.00775186157644": [
                        5.41
                    ]
                }
            }
        },
        "60": {
            "60": {
                "3g": {
                    "mean": [
                        8.74
                    ],
                    "1.00775186157644": [
                        8.78
                    ]
                },
                "2g": {
                    "mean": [
                        6.74
                    ],
                    "1.00775186157644": [
                        6.78
                    ]        
                }
            }
        },
        "80": {
            "80": {
                "3g": {
                    "mean": [
                        18.46
                    ],
                    "1.00775186157644": [
                        17.85
                    ]
                },
                "2g": {
                    "mean": [
                        16.46
                    ],
                    "1.00775186157644": [
                        15.85
                    ]
                }
            }
        }
    }
}
